{
    "model_name": "castorini/afriberta_base",
    "macro_f1": 0.8968011143470479,
    "accuracy": 0.8958752515090543,
    "unk_coverage_pct": 0.0,
    "avg_latency_ms": 6.2959980964660645,
    "params": 111460615
}