{
    "model_name": "xlm-roberta-base",
    "macro_f1": 0.8956399911387406,
    "accuracy": 0.8953722334004024,
    "unk_coverage_pct": 0.03283776213870413,
    "avg_latency_ms": 7.882556915283203,
    "params": 278049031
}