{
  "eval_loss": 0.12483302834538781,
  "lang_acc": 0.9993564993564994,
  "lang_f1": 0.9996494917630564,
  "read_acc": 0.9992992291520673,
  "read_f1": 0.9996398991717681,
  "domain_acc": 0.9697624190064795,
  "domain_macro_f1": 0.9690273579887699
}