{
  "eval_loss": 0.1566962295649003,
  "lang_acc": 1.0,
  "lang_f1": 1.0,
  "read_acc": 0.9971969166082691,
  "read_f1": 0.9985611510791367,
  "domain_acc": 0.9546436285097192,
  "domain_macro_f1": 0.9532722062200295
}